time [sec], angle [deg], angle velocity [deg/sec]
0,200,0,0
0.01,199.745,-50.8808,43.3492
0.02,198.987,-100.44,41.9379
0.03,197.74,-148.584,40.2782
0.04,196.02,-195.221,38.4176
0.05,193.841,-240.27,36.407
0.06,191.22,-283.652,34.2964
0.07,188.174,-325.296,32.1313
0.08,184.72,-365.137,29.9507
0.09,180.878,-403.116,27.7851
0.1,176.664,-439.18,25.6568
0.11,172.1,-473.281,23.5795
0.12,167.205,-505.379,21.5584
0.13,162,-535.44,19.5909
0.14,156.504,-563.434,17.6658
0.15,150.738,-589.339,15.7622
0.16,144.724,-613.137,13.8464
0.17,138.482,-634.818,11.865
0.18,132.035,-654.376,9.73032
0.19,125.402,-671.81,7.28859
0.2,118.605,-687.127,4.23801
0.21,111.666,-700.336,-0.114663
0.22,104.606,-711.454,-7.81912
0.23,97.4442,-720.501,-28.8801
0.24,90.2025,-727.503,-1498.76
0.25,82.9008,-732.49,54.687
0.26,75.5592,-735.496,32.0286
0.27,68.1974,-736.56,24.3096
0.28,60.8344,-735.726,20.2876
0.29,53.489,-733.038,17.7643
0.3,46.1796,-728.548,16.0137
0.31,38.9239,-722.31,14.727
0.32,31.7391,-714.379,13.7514
0.33,24.6418,-704.817,13.0035
0.34,17.648,-693.685,12.4355
0.35,10.7731,-681.048,12.0194
0.36,4.0318,-666.975,11.7393
0.37,-2.56185,-651.534,11.5876
0.38,-8.99455,-634.797,11.5632
0.39,-15.2537,-616.836,11.6701
0.4,-21.3274,-597.727,11.9174
0.41,-27.2047,-577.544,12.3196
0.42,-32.875,-556.364,12.8972
0.43,-38.3289,-534.265,13.6783
0.44,-43.5575,-511.323,14.7005
0.45,-48.5528,-487.618,16.0147
0.46,-53.3076,-463.228,17.6899
0.47,-57.8153,-438.229,19.8214
0.48,-62.0704,-412.702,22.544
0.49,-66.0678,-386.722,26.0537
0.5,-69.8036,-360.366,30.6466
0.51,-73.2742,-333.711,36.7899
0.52,-76.477,-306.831,45.2667
0.53,-79.4103,-279.8,57.4928
0.54,-82.0728,-252.689,76.3125
0.55,-84.4641,-225.571,108.393
0.56,-86.5844,-198.514,173.847
0.57,-88.4348,-171.586,374.285
0.58,-90.0168,-144.851,-34059.9
0.59,-91.3327,-118.375,-422.944
0.6,-92.3853,-92.2167,-230.239
0.61,-93.1783,-66.4369,-167.483
0.62,-93.7155,-41.0917,-138.055
0.63,-94.0017,-16.2356,-122.732
0.64,-94.042,8.07961,-115.526
0.65,-93.8421,31.8048,-114.657
0.66,-93.4081,54.8934,-120.885
0.67,-92.7465,77.3015,-138.917
0.68,-91.8644,98.9881,-187.394
0.69,-90.7693,119.915,-410.356
0.7,-89.4688,140.046,529.971
0.71,-87.9711,159.35,121.046
0.72,-86.2846,177.796,56.3098
0.73,-84.4181,195.358,30.896
0.74,-82.3805,212.011,17.7916
0.75,-80.181,227.735,10.0581
0.76,-77.829,242.51,5.1164
0.77,-75.334,256.323,1.79326
0.78,-72.7058,269.16,-0.518825
0.79,-69.9541,281.012,-2.16427
0.8,-67.0888,291.87,-3.35196
0.81,-64.12,301.732,-4.21537
0.82,-61.0575,310.595,-4.8434
0.83,-57.9114,318.46,-5.29731
0.839999,-54.6916,325.331,-5.62054
0.849999,-51.4081,331.213,-5.84459
0.859999,-48.0707,336.114,-5.99283
0.869999,-44.6891,340.045,-6.08284
0.879999,-41.2729,343.019,-6.12812
0.889999,-37.8318,345.05,-6.13911
0.899999,-34.375,346.156,-6.12399
0.909999,-30.9117,346.355,-6.08926
0.919999,-27.4509,345.668,-6.04008
0.929999,-24.0012,344.118,-5.98061
0.939999,-20.5713,341.728,-5.91419
0.949999,-17.1694,338.524,-5.84351
0.959999,-13.8035,334.535,-5.77075
0.969999,-10.4812,329.787,-5.69762
0.979999,-7.21014,324.312,-5.62549
0.989999,-3.99732,318.139,-5.5554
0.999999,-0.849576,311.302,-5.48808
1.01,2.22661,303.832,-5.42405
1.02,5.22507,295.765,-5.36355
1.03,8.14002,287.133,-5.30661
1.04,10.966,277.973,-5.25306
1.05,13.6978,268.321,-5.2025
1.06,16.3309,258.212,-5.15431
1.07,18.8607,247.682,-5.10771
1.08,21.2832,236.769,-5.06168
1.09,23.5949,225.509,-5.01503
1.1,25.7924,213.939,-4.9664
1.11,27.8728,202.095,-4.91427
1.12,29.8335,190.015,-4.85697
1.13,31.6724,177.734,-4.79275
1.14,33.3876,165.288,-4.7198
1.15,34.9777,152.714,-4.63629
1.16,36.4416,140.045,-4.54045
1.17,37.7784,127.316,-4.43063
1.18,38.9878,114.562,-4.30534
1.19,40.0697,101.815,-4.16337
1.2,41.0243,89.1076,-4.0038
1.21,41.8521,76.471,-3.8261
1.22,42.554,63.9357,-3.63018
1.23,43.1312,51.5313,-3.41637
1.24,43.5852,39.2863,-3.18549
1.25,43.9176,27.2281,-2.93881
1.26,44.1305,15.3831,-2.67801
1.27,44.226,3.77636,-2.40517
1.28,44.2069,-7.56815,-2.12265
1.29,44.0756,-18.6277,-1.83304
1.3,43.8353,-29.3808,-1.53905
1.31,43.4891,-39.8073,-1.24345
1.32,43.0403,-49.8883,-0.948943
1.33,42.4925,-59.6063,-0.658128
1.34,41.8495,-68.945,-0.373404
1.35,41.115,-77.8895,-0.0969302
1.36,40.293,-86.4263,0.169408
1.37,39.3878,-94.5432,0.424028
1.38,38.4036,-102.23,0.66565
1.39,37.3447,-109.476,0.893295
1.4,36.2156,-116.273,1.10627
1.41,35.0208,-122.616,1.30415
1.42,33.7648,-128.498,1.48675
1.43,32.4523,-133.916,1.65408
1.44,31.088,-138.866,1.80635
1.45,29.6766,-143.346,1.94389
1.46,28.2227,-147.357,2.06719
1.47,26.731,-150.899,2.17679
1.48,25.2063,-153.974,2.27332
1.49,23.6531,-156.585,2.35744
1.5,22.0761,-158.737,2.42987
1.51,20.4799,-160.434,2.49129
1.52,18.8689,-161.683,2.54242
1.53,17.2477,-162.492,2.58395
1.54,15.6205,-162.868,2.61654
1.55,13.9917,-162.821,2.64082
1.56,12.3655,-162.361,2.6574
1.57,10.7459,-161.498,2.66684
1.58,9.13682,-160.245,2.66965
1.59,7.54222,-158.613,2.6663
1.6,5.96578,-156.616,2.65722
1.61,4.41108,-154.267,2.6428
1.62,2.88157,-151.58,2.62338
1.63,1.38055,-148.571,2.59924
1.64,-0.088826,-145.254,2.57065
1.65,-1.52356,-141.646,2.53782
1.66,-2.92082,-137.761,2.50094
1.67,-4.27792,-133.617,2.46017
1.68,-5.59234,-129.23,2.41561
1.69,-6.86175,-124.616,2.36738
1.7,-8.08397,-119.794,2.31555
1.71,-9.257,-114.78,2.26018
1.72,-10.379,-109.591,2.20133
1.73,-11.4483,-104.245,2.13905
1.74,-12.4634,-98.7589,2.07338
1.75,-13.4231,-93.15,2.00437
1.76,-14.3261,-87.4353,1.93207
1.77,-15.1715,-81.6321,1.85656
1.78,-15.9585,-75.757,1.7779
1.79,-16.6864,-69.8268,1.69622
1.8,-17.3549,-63.8578,1.61162
1.81,-17.9635,-57.8661,1.52426
1.82,-18.5122,-51.8674,1.43431
1.83,-19.0009,-45.8773,1.34197
1.84,-19.4298,-39.9108,1.24745
1.85,-19.7992,-33.9824,1.15103
1.86,-20.1096,-28.1064,1.05296
1.87,-20.3616,-22.2966,0.953543
1.88,-20.5558,-16.566,0.853103
1.89,-20.6932,-10.9275,0.751972
1.9,-20.7747,-5.39333,0.650494
1.91,-20.8015,0.0249972,0.549025
1.92,-20.7746,5.31635,0.447923
1.93,-20.6956,10.4702,0.347548
1.94,-20.5657,15.4768,0.248256
1.95,-20.3866,20.3267,0.150393
1.96,-20.1597,25.0113,0.0542933
1.97,-19.8869,29.5225,-0.0397228
1.98,-19.5699,33.8529,-0.131355
1.99,-19.2105,37.9958,-0.220324
2,-18.8106,41.945,-0.306373
2.01,-18.3723,45.6949,-0.389273
2.02,-17.8974,49.2407,-0.468815
2.03,-17.3881,52.5782,-0.544823
2.04,-16.8466,55.7038,-0.617144
2.05,-16.2748,58.6143,-0.685651
2.06,-15.675,61.3076,-0.750244
2.07,-15.0494,63.7818,-0.810847
2.08,-14.4001,66.0357,-0.867408
2.09,-13.7294,68.0688,-0.919895
2.1,-13.0395,69.8811,-0.968297
2.11,-12.3325,71.4731,-1.01262
2.12,-11.6107,72.846,-1.05289
2.13,-10.8763,74.0013,-1.08915
2.14,-10.1314,74.9413,-1.12145
2.15,-9.37819,75.6686,-1.14984
2.16,-8.61874,76.1863,-1.17441
2.17,-7.85515,76.498,-1.19523
2.18,-7.08945,76.6077,-1.21238
2.19,-6.32365,76.52,-1.22597
2.2,-5.55969,76.2396,-1.23608
2.21,-4.79948,75.7717,-1.24281
2.22,-4.04487,75.122,-1.24627
2.23,-3.29763,74.2964,-1.24655
2.24,-2.5595,73.3011,-1.24376
2.25,-1.83215,72.1425,-1.238
2.26,-1.11717,70.8275,-1.22937
2.27,-0.4161,69.3631,-1.21798
2.28,0.269613,67.7565,-1.20392
2.29,0.93858,66.0151,-1.1873
2.3,1.58949,64.1465,-1.16821
2.31,2.22111,62.1584,-1.14676
2.32,2.83229,60.0587,-1.12305
2.33,3.42194,57.8554,-1.09718
2.34,3.98908,55.5565,-1.06925
2.35,4.53278,53.1701,-1.03936
2.36,5.05221,50.7042,-1.00761
2.37,5.54663,48.1671,-0.97411
2.38,6.01534,45.5668,-0.938966
2.39,6.45778,42.9115,-0.902283
2.4,6.87342,40.2092,-0.864172
2.41,7.26183,37.4679,-0.824742
2.42,7.62267,34.6954,-0.784109
2.43,7.95566,31.8996,-0.742386
2.44,8.26061,29.0881,-0.699693
2.45,8.5374,26.2684,-0.656148
2.46,8.78598,23.4479,-0.611873
2.47,9.00638,20.6338,-0.56699
2.48,9.1987,17.8332,-0.521624
2.49,9.36311,15.0527,-0.475899
2.5,9.49984,12.2991,-0.429939
2.51,9.6092,9.57862,-0.38387
2.52,9.69154,6.89752,-0.337816
2.53,9.7473,4.26166,-0.2919
2.54,9.77695,1.67669,-0.246243
2.55,9.78102,-0.851994,-0.200964
2.56,9.76011,-3.31929,-0.15618
2.57,9.71486,-5.72035,-0.112003
2.58,9.64594,-8.05062,-0.0685438
2.59,9.55409,-10.3058,-0.0259061
2.6,9.44009,-12.482,0.015809
2.61,9.30473,-14.5754,0.0565064
2.62,9.14887,-16.5827,0.096096
2.63,8.97337,-18.5008,0.134494
2.64,8.77916,-20.3269,0.171621
2.65,8.56715,-22.0585,0.207406
2.66,8.33831,-23.6935,0.241782
2.67,8.09361,-25.2298,0.274691
2.68,7.83405,-26.666,0.306078
2.69,7.56063,-28.0006,0.335897
2.7,7.27438,-29.2328,0.364107
2.71,6.97632,-30.3617,0.390674
2.72,6.66749,-31.3869,0.41557
2.73,6.34893,-32.3082,0.438771
2.74,6.02167,-33.1258,0.460263
2.75,5.68676,-33.8399,0.480033
2.76,5.34521,-34.4512,0.498075
2.77,4.99807,-34.9605,0.514389
2.78,4.64634,-35.3689,0.528979
2.79,4.29103,-35.6777,0.541853
2.8,3.93311,-35.8885,0.553024
2.81,3.57358,-36.0031,0.562508
2.82,3.21337,-36.0233,0.570327
2.83,2.85342,-35.9515,0.576504
2.84,2.49464,-35.7898,0.581067
2.85,2.13791,-35.5408,0.584046
2.86,1.7841,-35.2073,0.585475
2.87,1.43404,-34.7919,0.58539
2.88,1.08853,-34.2978,0.583829
2.89,0.748336,-33.728,0.580833
2.9,0.414209,-33.0857,0.576445
2.91,0.0868533,-32.3742,0.570709
2.92,-0.233056,-31.597,0.563674
2.93,-0.544879,-30.7576,0.555386
2.94,-0.848013,-29.8596,0.545897
2.95,-1.14189,-28.9067,0.535258
2.96,-1.42598,-27.9025,0.523522
2.97,-1.69978,-26.8509,0.510742
2.98,-1.96285,-25.7556,0.496975
2.99,-2.21476,-24.6203,0.482275
3,-2.45514,-23.449,0.466701
3.01,-2.68363,-22.2455,0.450311
3.02,-2.89995,-21.0136,0.433163
3.03,-3.10382,-19.757,0.415316
3.04,-3.29502,-18.4796,0.396831
3.05,-3.47336,-17.1851,0.377766
3.06,-3.63868,-15.8772,0.358184
3.07,-3.79087,-14.5595,0.338143
3.08,-3.92985,-13.2357,0.317704
3.09,-4.05558,-11.9091,0.296929
3.1,-4.16804,-10.5834,0.275875
3.11,-4.26726,-9.2617,0.254604
3.12,-4.35329,-7.94744,0.233173
3.13,-4.42624,-6.64373,0.211641
3.14,-4.48621,-5.35366,0.190066
3.15,-4.53337,-4.08017,0.168503
3.16,-4.56788,-2.82613,0.147007
3.17,-4.58997,-1.59427,0.125633
3.18,-4.59985,-0.387204,0.104432
3.19,-4.5978,0.792575,0.0834563
3.2,-4.5841,1.94271,0.062754
3.21,-4.55905,3.06096,0.0423728
3.22,-4.52299,4.14523,0.0223581
3.23,-4.47627,5.19355,0.00275363
3.24,-4.41925,6.20411,-0.0163993
3.25,-4.35232,7.17521,-0.0350618
3.26,-4.27588,8.10531,-0.0531963
3.27,-4.19035,8.993,-0.0707684
3.28,-4.09617,9.83702,-0.0877457
3.29,-3.99376,10.6362,-0.104098
3.3,-3.88359,11.3897,-0.119798
3.31,-3.76612,12.0965,-0.134821
3.32,-3.64182,12.7559,-0.149143
3.33,-3.51116,13.3675,-0.162744
3.34,-3.37463,13.9307,-0.175607
3.35,-3.23271,14.4453,-0.187717
3.36,-3.08589,14.9111,-0.199059
3.37,-2.93465,15.328,-0.209624
3.38,-2.77949,15.6962,-0.219403
3.39,-2.62089,16.0158,-0.22839
3.4,-2.45933,16.2871,-0.23658
3.41,-2.29531,16.5107,-0.243974
3.42,-2.12928,16.687,-0.25057
3.43,-1.96172,16.8167,-0.256371
3.44,-1.7931,16.9006,-0.261382
3.45,-1.62386,16.9395,-0.265608
3.46,-1.45445,16.9344,-0.269059
3.47,-1.28531,16.8864,-0.271744
3.48,-1.11686,16.7965,-0.273674
3.49,-0.949519,16.6659,-0.274863
3.5,-0.783677,16.496,-0.275325
3.51,-0.619726,16.2881,-0.275077
3.52,-0.458037,16.0436,-0.274136
3.53,-0.29897,15.7641,-0.272521
3.54,-0.142867,15.4509,-0.270252
3.55,0.00994261,15.1058,-0.267351
3.56,0.159148,14.7304,-0.263839
3.57,0.304454,14.3262,-0.25974
3.58,0.445582,13.895,-0.255077
3.59,0.582271,13.4386,-0.249876
3.6,0.714276,12.9587,-0.244163
3.61,0.841373,12.4571,-0.237964
3.62,0.963352,11.9355,-0.231306
3.63,1.08002,11.3957,-0.224216
3.64,1.19121,10.8396,-0.216723
3.65,1.29677,10.269,-0.208854
3.66,1.39655,9.68553,-0.200638
3.67,1.49044,9.09112,-0.192104
3.68,1.57834,8.4875,-0.183281
3.69,1.66016,7.87642,-0.174199
3.7,1.73585,7.25961,-0.164885
3.71,1.80534,6.63877,-0.155369
3.72,1.86862,6.01558,-0.14568
3.73,1.92565,5.39168,-0.135847
3.74,1.97645,4.76868,-0.125897
3.75,2.02103,4.14813,-0.115859
3.76,2.05943,3.53156,-0.10576
3.77,2.09168,2.92044,-0.0956274
3.78,2.11786,2.31621,-0.085488
3.79,2.13804,1.72023,-0.0753676
3.8,2.1523,1.13384,-0.0652916
3.81,2.16075,0.558291,-0.0552846
3.82,2.1635,-0.00519559,-0.0453706
3.83,2.16069,-0.555471,-0.0355727
3.84,2.15244,-1.09144,-0.0259134
3.85,2.13891,-1.61209,-0.0164138
3.86,2.12025,-2.11644,-0.00709483
3.87,2.09664,-2.60358,0.00202412
3.88,2.06824,-3.0727,0.0109244
3.89,2.03525,-3.52301,0.0195884
3.9,1.99785,-3.9538,0.0279993
3.91,1.95624,-4.36445,0.0361418
3.92,1.91063,-4.75437,0.0440012
3.93,1.86122,-5.12306,0.0515642
3.94,1.80824,-5.47009,0.0588183
3.95,1.75189,-5.79506,0.0657523
3.96,1.69241,-6.09768,0.0723561
3.97,1.63002,-6.37769,0.0786205
3.98,1.56493,-6.63491,0.0845375
3.99,1.49739,-6.86923,0.0901002
4,1.42763,-7.08058,0.0953028
4.01,1.35586,-7.26897,0.10014
4.02,1.28232,-7.43444,0.104609
4.03,1.20725,-7.57712,0.108707
4.04,1.13086,-7.69718,0.112432
4.05,1.05338,-7.79485,0.115783
4.06,0.975033,-7.87038,0.11876
4.07,0.896042,-7.92413,0.121366
4.08,0.816622,-7.95645,0.123601
4.09,0.736983,-7.96777,0.125469
4.1,0.657335,-7.95854,0.126974
4.11,0.577879,-7.92929,0.128121
4.12,0.498814,-7.88054,0.128915
4.13,0.420332,-7.81288,0.129362
4.14,0.342618,-7.72692,0.12947
4.15,0.265852,-7.62332,0.129246
4.16,0.190208,-7.50274,0.128698
4.17,0.115851,-7.3659,0.127836
4.18,0.0429415,-7.21352,0.126669
4.19,-0.0283699,-7.04635,0.125207
4.2,-0.0979389,-6.86517,0.123461
4.21,-0.165629,-6.67076,0.121442
4.22,-0.231313,-6.46393,0.119162
4.23,-0.294869,-6.2455,0.116632
4.24,-0.356187,-6.01629,0.113864
4.25,-0.415162,-5.77714,0.110872
4.26,-0.471699,-5.5289,0.107667
4.27,-0.525712,-5.27239,0.104264
4.28,-0.577123,-5.00848,0.100676
4.29,-0.62586,-4.73801,0.0969149
4.3,-0.671864,-4.46181,0.0929957
4.31,-0.71508,-4.18073,0.0889317
4.32,-0.755465,-3.89559,0.0847365
4.33,-0.792981,-3.60722,0.0804239
4.34,-0.827601,-3.31643,0.0760077
4.35,-0.859304,-3.02401,0.0715014
4.36,-0.888079,-2.73074,0.0669186
4.37001,-0.913919,-2.43739,0.0622728
4.38001,-0.936828,-2.14471,0.0575773
4.39001,-0.956818,-1.85343,0.0528451
4.40001,-0.973904,-1.56425,0.0480891
4.41001,-0.988112,-1.27787,0.0433221
4.42001,-0.999473,-0.994937,0.0385564
4.43001,-1.00802,-0.716104,0.0338041
4.44001,-1.01381,-0.441979,0.0290771
4.45001,-1.01688,-0.17315,0.0243866
4.46001,-1.01729,0.0898238,0.0197439
4.47001,-1.01511,0.346409,0.0151596
4.48001,-1.01039,0.596104,0.0106441
4.49001,-1.00321,0.838434,0.00620722
4.50001,-0.993645,1.07295,0.00185846
4.51001,-0.981777,1.29925,-0.00239323
4.52001,-0.967689,1.51694,-0.00653923
4.53001,-0.951468,1.72568,-0.0105715
4.54001,-0.933206,1.92513,-0.0144824
4.55001,-0.912997,2.11501,-0.0182647
4.56001,-0.890939,2.29506,-0.021912
4.57001,-0.86713,2.46506,-0.0254181
4.58001,-0.841672,2.6248,-0.0287773
4.59001,-0.814668,2.77412,-0.0319846
4.60001,-0.786224,2.91289,-0.0350353
4.61001,-0.756446,3.04099,-0.0379253
4.62001,-0.72544,3.15836,-0.0406511
4.63001,-0.693315,3.26494,-0.0432095
4.64001,-0.660178,3.36071,-0.045598
4.65001,-0.626137,3.44569,-0.0478145
4.66001,-0.5913,3.51991,-0.0498573
4.67001,-0.555774,3.58344,-0.0517254
4.68001,-0.519666,3.63636,-0.0534181
4.69001,-0.483082,3.67879,-0.0549351
4.70001,-0.446125,3.71086,-0.0562768
4.71001,-0.408898,3.73274,-0.0574439
4.72001,-0.371503,3.74461,-0.0584374
4.73001,-0.334039,3.74668,-0.059259
4.74001,-0.296602,3.73916,-0.0599105
4.75001,-0.259287,3.7223,-0.0603943
4.76001,-0.222186,3.69636,-0.0607131
4.77001,-0.185389,3.66163,-0.0608699
4.78001,-0.148982,3.61839,-0.0608682
4.79001,-0.113048,3.56696,-0.0607117
4.80001,-0.0776688,3.50766,-0.0604043
4.81002,-0.0429203,3.44082,-0.0599505
4.82002,-0.00887641,3.36679,-0.0593547
4.83002,0.0243927,3.28593,-0.0586219
4.84002,0.0568205,3.19859,-0.0577572
4.85002,0.0883443,3.10517,-0.0567657
4.86002,0.118905,3.00603,-0.055653
4.87002,0.148447,2.90157,-0.0544248
4.88002,0.17692,2.79217,-0.0530869
4.89002,0.204275,2.67822,-0.0516452
4.90002,0.23047,2.56013,-0.0501059
4.91002,0.255466,2.43829,-0.0484752
4.92002,0.279225,2.3131,-0.0467593
4.93002,0.301718,2.18496,-0.0449646
4.94002,0.322916,2.05426,-0.0430976
4.95002,0.342796,1.92139,-0.0411646
4.96002,0.361338,1.78675,-0.0391722
4.97002,0.378526,1.65071,-0.0371267
4.98002,0.394349,1.51366,-0.0350346
4.99002,0.408797,1.37596,-0.0329024
5.00002,0.421867,1.23799,-0.0307364
5.01002,0.433557,1.1001,-0.0285429
5.02002,0.44387,0.962645,-0.0263282
5.03002,0.452813,0.825956,-0.0240983
5.04002,0.460393,0.690367,-0.0218593
5.05002,0.466625,0.556197,-0.0196171
5.06002,0.471523,0.423754,-0.0173775
5.07002,0.475107,0.293335,-0.0151462
5.08002,0.477397,0.165224,-0.0129285
5.09002,0.47842,0.0396932,-0.0107299
5.10002,0.478201,-0.0829986,-0.00855544
5.11002,0.47677,-0.202606,-0.00641015
5.12002,0.47416,-0.318896,-0.0042988
5.13002,0.470404,-0.431651,-0.00222594
5.14002,0.465539,-0.540666,-0.000195983
5.15002,0.459604,-0.645753,0.00178694
5.16002,0.452638,-0.746735,0.00371887
5.17002,0.444683,-0.843452,0.00559608
5.18002,0.435783,-0.935758,0.00741509
5.19002,0.425983,-1.02352,0.00917263
5.20002,0.415329,-1.10662,0.0108657
5.21002,0.403867,-1.18496,0.0124914
5.22002,0.391645,-1.25845,0.0140472
5.23002,0.378714,-1.32702,0.0155309
5.24003,0.365122,-1.3906,0.0169402
5.25003,0.350919,-1.44916,0.0182735
5.26003,0.336155,-1.50266,0.0195291
5.27003,0.320882,-1.55108,0.0207055
5.28003,0.305151,-1.59442,0.0218017
5.29003,0.289011,-1.63269,0.0228167
5.30003,0.272514,-1.6659,0.0237499
5.31003,0.25571,-1.6941,0.0246007
5.32003,0.238648,-1.71733,0.0253691
5.33003,0.221379,-1.73564,0.0260549
5.34003,0.203952,-1.74911,0.0266583
5.35003,0.186413,-1.75782,0.0271798
5.36003,0.168811,-1.76184,0.0276199
5.37003,0.151191,-1.76129,0.0279794
5.38003,0.1336,-1.75627,0.0282593
5.39003,0.116081,-1.7469,0.0284607
5.40003,0.098676,-1.7333,0.028585
5.41003,0.0814281,-1.71561,0.0286336
5.42003,0.0643769,-1.69397,0.0286083
5.43003,0.0475613,-1.66853,0.0285107
5.44003,0.0310185,-1.63943,0.0283429
5.45003,0.0147843,-1.60685,0.0281069
5.46003,-0.00110738,-1.57094,0.0278049
5.47003,-0.016624,-1.53187,0.0274392
5.48003,-0.0317349,-1.48983,0.0270123
5.49003,-0.0464112,-1.44497,0.0265266
5.50003,-0.0606256,-1.39749,0.0259848
5.51003,-0.0743528,-1.34756,0.0253896
5.52003,-0.0875693,-1.29538,0.0247437
5.53003,-0.100253,-1.24112,0.02405
5.54003,-0.112385,-1.18497,0.0233113
5.55003,-0.123947,-1.12713,0.0225306
5.56003,-0.134923,-1.06777,0.0217109
5.57003,-0.145298,-1.00708,0.0208551
5.58003,-0.155061,-0.945252,0.0199664
5.59003,-0.1642,-0.882467,0.0190476
5.60003,-0.172707,-0.818907,0.0181018
5.61003,-0.180576,-0.754752,0.0171322
5.62003,-0.187801,-0.690179,0.0161417
5.63003,-0.194379,-0.625362,0.0151332
5.64003,-0.200308,-0.560472,0.0141099
5.65003,-0.205589,-0.495675,0.0130747
5.66003,-0.210222,-0.431135,0.0120305
5.67003,-0.214213,-0.36701,0.01098
5.68004,-0.217564,-0.303452,0.00992629
5.69004,-0.220284,-0.240611,0.00887196
5.70004,-0.22238,-0.17863,0.00781974
5.71004,-0.22386,-0.117645,0.00677227
5.72004,-0.224736,-0.0577899,0.0057321
5.73004,-0.22502,0.000810645,0.00470171
5.74004,-0.224725,0.0580366,0.00368348
5.75004,-0.223864,0.113775,0.00267973
5.76004,-0.222454,0.167918,0.00169267
5.77004,-0.220512,0.220365,0.000724419
5.78004,-0.218053,0.271024,-0.000222997
5.79004,-0.215097,0.319806,-0.00114765
5.80004,-0.211663,0.366632,-0.00204774
5.81004,-0.207771,0.411428,-0.00292152
5.82004,-0.203442,0.454129,-0.00376741
5.83004,-0.198696,0.494673,-0.00458391
5.84004,-0.193556,0.53301,-0.00536961
5.85004,-0.188043,0.569092,-0.00612325
5.86004,-0.182182,0.60288,-0.00684365
5.87004,-0.175994,0.634344,-0.00752977
5.88004,-0.169503,0.663456,-0.00818065
5.89004,-0.162732,0.690199,-0.00879548
5.90004,-0.155707,0.714558,-0.00937352
5.91004,-0.148449,0.736529,-0.00991417
5.92004,-0.140984,0.756111,-0.0104169
5.93004,-0.133335,0.773311,-0.0108814
5.94004,-0.125526,0.78814,-0.0113073
5.95004,-0.11758,0.800616,-0.0116945
5.96004,-0.109521,0.810763,-0.0120428
5.97004,-0.101372,0.818609,-0.0123524
5.98004,-0.0931565,0.824188,-0.0126232
5.99004,-0.084896,0.827539,-0.0128556
6.00004,-0.076613,0.828706,-0.0130498
6.01004,-0.068329,0.827737,-0.0132063
6.02004,-0.0600652,0.824685,-0.0133255
6.03004,-0.0518421,0.819605,-0.013408
6.04004,-0.0436796,0.812559,-0.0134545
6.05004,-0.0355972,0.80361,-0.0134656
6.06004,-0.0276135,0.792826,-0.0134422
6.07004,-0.0197466,0.780277,-0.0133852
6.08004,-0.0120136,0.766037,-0.0132954
6.09004,-0.00443122,0.750181,-0.0131739
6.10004,0.00298487,0.732787,-0.0130217
6.11004,0.0102197,0.713937,-0.01284
6.12005,0.017259,0.693711,-0.0126298
6.13005,0.0240896,0.672193,-0.0123924
6.14005,0.0306989,0.649469,-0.0121291
6.15005,0.0370752,0.625625,-0.011841
6.16005,0.0432079,0.600747,-0.0115296
6.17005,0.049087,0.574923,-0.0111961
6.18005,0.0547035,0.548241,-0.010842
6.19005,0.0600493,0.520789,-0.0104685
6.20005,0.065117,0.492654,-0.0100772
6.21005,0.0699004,0.463925,-0.00966936
6.22005,0.0743938,0.434689,-0.00924649
6.23005,0.0785927,0.405031,-0.00881
6.24005,0.0824933,0.375037,-0.00836132
6.25005,0.0860926,0.344791,-0.00790186
6.26005,0.0893886,0.314377,-0.00743306
6.27005,0.0923799,0.283874,-0.00695633
6.28005,0.095066,0.253364,-0.00647306
6.29005,0.0974474,0.222924,-0.00598464
6.30005,0.099525,0.192629,-0.00549243
6.31005,0.101301,0.162554,-0.00499777
6.32005,0.102777,0.132769,-0.00450198
6.33005,0.103957,0.103344,-0.00400634
6.34005,0.104845,0.0743458,-0.00351212
6.35005,0.105446,0.0458372,-0.00302054
6.36005,0.105764,0.0178797,-0.00253278
6.37005,0.105805,-0.00946848,-0.00205001
6.38005,0.105577,-0.036152,-0.00157332
6.39005,0.105085,-0.0621186,-0.0011038
6.40005,0.104337,-0.087319,-0.000642464
6.41005,0.103341,-0.111707,-0.000190298
6.42005,0.102106,-0.135239,0.000251763
6.43005,0.100639,-0.157877,0.000682825
6.44005,0.0989513,-0.179582,0.00110206
6.45005,0.0970509,-0.200322,0.00150867
6.46005,0.0949481,-0.220066,0.00190191
6.47005,0.092653,-0.238788,0.00228111
6.48005,0.0901759,-0.256464,0.00264562
6.49005,0.0875273,-0.273074,0.00299486
6.50005,0.084718,-0.288599,0.0033283
6.51005,0.081759,-0.303027,0.00364546
6.52005,0.0786612,-0.316345,0.00394592
6.53005,0.0754358,-0.328547,0.0042293
6.54005,0.072094,-0.339626,0.00449528
6.55006,0.068647,-0.349583,0.00474359
6.56006,0.0651061,-0.358416,0.00497402
6.57006,0.0614824,-0.36613,0.00518639
6.58006,0.0577872,-0.372732,0.00538059
6.59006,0.0540314,-0.378231,0.00555655
6.60006,0.0502262,-0.382639,0.00571425
6.61006,0.0463822,-0.38597,0.00585371
6.62006,0.0425103,-0.388241,0.00597502
6.63006,0.0386209,-0.38947,0.00607828
6.64006,0.0347243,-0.38968,0.00616365
6.65006,0.0308306,-0.388894,0.00623134
6.66006,0.0269497,-0.387136,0.00628159
6.67006,0.023091,-0.384434,0.00631468
6.68006,0.019264,-0.380817,0.00633092
6.69006,0.0154777,-0.376316,0.00633068
6.70006,0.0117406,-0.370963,0.00631433
6.71006,0.00806112,-0.364792,0.0062823
6.72006,0.00444734,-0.357836,0.00623503
6.73006,0.000906888,-0.350133,0.006173
6.74006,-0.00255295,-0.341719,0.00609672
6.75006,-0.00592526,-0.332633,0.00600671
6.76006,-0.0092035,-0.322914,0.00590353
6.77006,-0.0123816,-0.3126,0.00578774
6.78006,-0.0154537,-0.301732,0.00565993
6.79006,-0.0184145,-0.290352,0.00552072
6.80006,-0.0212591,-0.278498,0.00537071
6.81006,-0.023983,-0.266214,0.00521056
6.82006,-0.0265821,-0.25354,0.0050409
6.83006,-0.0290527,-0.240518,0.00486238
6.84006,-0.0313914,-0.227189,0.00467567
6.85006,-0.0335956,-0.213594,0.00448144
6.86006,-0.0356626,-0.199774,0.00428036
6.87006,-0.0375904,-0.185769,0.00407309
6.88006,-0.0393775,-0.17162,0.00386031
6.89006,-0.0410225,-0.157365,0.00364269
6.90006,-0.0425245,-0.143043,0.0034209
6.91006,-0.0438832,-0.128693,0.0031956
6.92006,-0.0450984,-0.114352,0.00296745
6.93006,-0.0461704,-0.100056,0.00273709
6.94006,-0.0470998,-0.0858394,0.00250515
6.95006,-0.0478876,-0.0717378,0.00227228
6.96006,-0.0485351,-0.0577839,0.00203908
6.97006,-0.0490439,-0.0440098,0.00180615
6.98006,-0.049416,-0.0304463,0.00157408
6.99007,-0.0496536,-0.017123,0.00134344
7.00007,-0.0497593,-0.00406821,0.00111479
7.01007,-0.0497359,0.00869119,0.000888653
7.02007,-0.0495866,0.0211296,0.000665551
7.03007,-0.0493145,0.033223,0.000445982
7.04007,-0.0489233,0.0449486,0.00023042
7.05007,-0.0484168,0.0562851,1.93201e-05
7.06007,-0.047799,0.067213,-0.000186884
7.07007,-0.047074,0.0777138,-0.000387783
7.08007,-0.0462462,0.087771,-0.00058299
7.09007,-0.0453201,0.0973692,-0.000772142
7.10007,-0.0443004,0.106495,-0.0009549
7.11007,-0.0431918,0.115136,-0.00113095
7.12007,-0.0419993,0.123282,-0.00129999
7.13007,-0.0407279,0.130923,-0.00146177
7.14007,-0.0393826,0.138052,-0.00161604
7.15007,-0.0379686,0.144662,-0.00176258
7.16007,-0.0364911,0.15075,-0.00190121
7.17007,-0.0349553,0.156312,-0.00203175
7.18007,-0.0333666,0.161346,-0.00215407
7.19007,-0.0317302,0.165851,-0.00226803
7.20007,-0.0300513,0.169828,-0.00237356
7.21007,-0.0283353,0.173281,-0.00247058
7.22007,-0.0265875,0.176211,-0.00255904
7.23007,-0.0248128,0.178625,-0.00263891
7.24007,-0.0230167,0.180527,-0.0027102
7.25007,-0.021204,0.181926,-0.00277292
7.26007,-0.0193798,0.182829,-0.00282712
7.27007,-0.017549,0.183245,-0.00287286
7.28007,-0.0157165,0.183186,-0.00291021
7.29007,-0.0138869,0.182661,-0.00293928
7.30007,-0.0120648,0.181685,-0.0029602
7.31007,-0.0102546,0.180268,-0.00297309
7.32007,-0.0084608,0.178427,-0.00297811
7.33007,-0.00668746,0.176174,-0.00297544
7.34007,-0.00493864,0.173526,-0.00296526
7.35007,-0.00321821,0.170498,-0.00294777
7.36007,-0.00152989,0.167108,-0.00292319
7.37007,0.000122786,0.163371,-0.00289175
7.38007,0.00173644,0.159306,-0.00285368
7.39007,0.00330788,0.154932,-0.00280925
7.40007,0.0048341,0.150265,-0.00275871
7.41007,0.00631227,0.145325,-0.00270233
7.42007,0.00773976,0.140132,-0.0026404
7.43008,0.00911412,0.134703,-0.0025732
7.44008,0.0104331,0.129059,-0.00250102
7.45008,0.0116946,0.123218,-0.00242417
7.46008,0.0128969,0.117201,-0.00234296
7.47008,0.0140381,0.111026,-0.00225768
7.48008,0.0151169,0.104714,-0.00216865
7.49008,0.016132,0.0982829,-0.0020762
7.50008,0.0170823,0.0917524,-0.00198062
7.51008,0.0179668,0.0851413,-0.00188224
7.52008,0.0187849,0.0784685,-0.00178138
7.53008,0.019536,0.0717523,-0.00167835
7.54008,0.0202198,0.0650107,-0.00157346
7.55008,0.0208362,0.0582617,-0.00146702
7.56008,0.0213851,0.0515225,-0.00135935
7.57008,0.0218667,0.04481,-0.00125073
7.58008,0.0222815,0.0381407,-0.00114148
7.59008,0.0226298,0.0315306,-0.00103188
7.60008,0.0229123,0.0249951,-0.000922221
7.61008,0.02313,0.018549,-0.000812786
7.62008,0.0232836,0.0122067,-0.000703844
7.63008,0.0233745,0.00598187,-0.000595664
7.64008,0.0234037,-0.000112371,-0.000488501
7.65008,0.0233727,-0.00606359,-0.000382606
7.66008,0.023283,-0.01186,-0.000278217
7.67008,0.0231361,-0.0174905,-0.000175565
7.68008,0.0229337,-0.0229446,-7.4871e-05
7.69008,0.0226778,-0.0282125,2.36558e-05
7.70008,0.0223701,-0.0332853,0.000119815
7.71008,0.0220128,-0.0381546,0.000213416
7.72008,0.0216078,-0.0428127,0.000304283
7.73008,0.0211572,-0.0472529,0.000392246
7.74008,0.0206634,-0.0514687,0.000477152
7.75008,0.0201286,-0.0554549,0.000558855
7.76008,0.0195551,-0.0592066,0.000637222
7.77008,0.0189453,-0.0627198,0.000712132
7.78008,0.0183015,-0.0659911,0.000783476
7.79008,0.0176263,-0.0690178,0.000851155
7.80008,0.016922,-0.0717981,0.000915083
7.81008,0.0161912,-0.0743305,0.000975185
7.82008,0.0154362,-0.0766145,0.0010314
7.83008,0.0146597,-0.07865,0.00108367
7.84008,0.013864,-0.0804377,0.00113196
7.85008,0.0130518,-0.0819789,0.00117624
7.86009,0.0122253,-0.0832754,0.00121649
7.87009,0.0113871,-0.0843296,0.0012527
7.88009,0.0105395,-0.0851445,0.00128487
7.89009,0.00968496,-0.0857237,0.00131303
7.90009,0.00882579,-0.0860712,0.00133718
7.91009,0.00796429,-0.0861915,0.00135736
7.92009,0.0071027,-0.0860897,0.00137362
7.93009,0.00624322,-0.0857712,0.001386
7.94009,0.00538798,-0.085242,0.00139456
7.95009,0.00453906,-0.0845082,0.00139938
7.96009,0.00369848,-0.0835765,0.00140052
7.97009,0.00286817,-0.082454,0.00139807
7.98009,0.00205001,-0.081148,0.00139212
7.99009,0.00124579,-0.0796661,0.00138277
8.00009,0.000457245,-0.0780162,0.00137011
8.01009,-0.000313998,-0.0762064,0.00135427
8.02009,-0.00106638,-0.0742451,0.00133535
8.03009,-0.00179842,-0.0721408,0.00131348
8.04009,-0.00250875,-0.0699022,0.00128878
8.05009,-0.00319605,-0.0675382,0.00126138
8.06009,-0.00385912,-0.0650577,0.00123141
8.07009,-0.00449685,-0.0624697,0.001199
8.08009,-0.00510819,-0.0597834,0.00116431
8.09009,-0.00569222,-0.0570079,0.00112747
8.10009,-0.00624808,-0.0541524,0.00108862
8.11009,-0.00677503,-0.0512259,0.00104791
8.12009,-0.00727239,-0.0482376,0.00100548
8.13009,-0.0077396,-0.0451965,0.000961494
8.14009,-0.00817618,-0.0421117,0.000916089
8.15009,-0.00858172,-0.038992,0.000869416
8.16009,-0.00895593,-0.0358461,0.000821625
8.17009,-0.00929859,-0.0326827,0.000772862
8.18009,-0.00960956,-0.0295102,0.000723274
8.19009,-0.00988879,-0.0263369,0.000673008
8.20009,-0.0101363,-0.023171,0.000622207
8.21009,-0.0103523,-0.0200202,0.000571012
8.22009,-0.0105368,-0.0168923,0.000519562
8.23009,-0.0106902,-0.0137946,0.000467996
8.24009,-0.0108128,-0.0107344,0.000416447
8.25009,-0.010905,-0.00771857,0.000365046
8.26009,-0.0109674,-0.00475372,0.000313919
8.27009,-0.0110003,-0.00184622,0.000263191
8.28009,-0.0110045,0.000997878,0.000212982
8.29009,-0.0109806,0.00377283,0.000163407
8.30009,-0.0109293,0.00647318,0.000114577
8.31009,-0.0108514,0.00909382,6.65984e-05
8.3201,-0.0107477,0.0116299,1.95747e-05
8.3301,-0.0106191,0.0140771,-2.63974e-05
8.3401,-0.0104665,0.0164311,-7.12257e-05
8.3501,-0.0102908,0.0186881,-0.000114823
8.3601,-0.010093,0.0208447,-0.000157107
8.3701,-0.00987423,0.0228978,-0.000198
8.3801,-0.00963543,0.0248445,-0.000237432
8.3901,-0.0093777,0.0266825,-0.000275337
8.4001,-0.00910215,0.0284094,-0.000311653
8.4101,-0.00880989,0.0300237,-0.000346325
8.4201,-0.00850206,0.0315237,-0.000379304
8.4301,-0.0081798,0.0329084,-0.000410546
8.4401,-0.00784428,0.0341769,-0.000440011
8.4501,-0.00749665,0.0353287,-0.000467666
8.4601,-0.00713809,0.0363637,-0.000493484
8.4701,-0.00676977,0.0372819,-0.000517441
8.4801,-0.00639284,0.0380837,-0.00053952
8.4901,-0.00600848,0.0387698,-0.00055971
8.5001,-0.00561783,0.0393412,-0.000578002
8.5101,-0.00522204,0.0397991,-0.000594395
8.5201,-0.00482222,0.0401451,-0.000608892
8.5301,-0.0044195,0.0403807,-0.0006215
8.5401,-0.00401497,0.0405081,-0.000632231
8.5501,-0.00360969,0.0405294,-0.000641102
8.5601,-0.00320472,0.0404472,-0.000648134
8.5701,-0.00280109,0.0402639,-0.000653351
8.5801,-0.00239977,0.0399824,-0.000656785
8.5901,-0.00200176,0.0396058,-0.000658466
8.6001,-0.00160796,0.0391373,-0.000658433
8.6101,-0.00121931,0.0385801,-0.000656725
8.6201,-0.000836647,0.0379378,-0.000653386
8.6301,-0.000460822,0.037214,-0.000648462
8.6401,-9.26263e-05,0.0364125,-0.000642004
8.6501,0.000267181,0.0355371,-0.000634063
8.6601,0.000617882,0.0345917,-0.000624695
8.6701,0.000958796,0.0335805,-0.000613957
8.6801,0.00128929,0.0325075,-0.000601908
8.6901,0.00160876,0.031377,-0.000588609
8.7001,0.00191665,0.030193,-0.000574125
8.7101,0.00221245,0.02896,-0.000558518
8.7201,0.0024957,0.0276822,-0.000541856
8.7301,0.00276596,0.0263638,-0.000524206
8.7401,0.00302285,0.0250093,-0.000505635
8.7501,0.00326604,0.0236228,-0.000486212
8.76011,0.00349522,0.0222087,-0.000466007
8.77011,0.00371014,0.0207712,-0.000445089
8.78011,0.00391058,0.0193145,-0.000423529
8.79011,0.00409638,0.0178428,-0.000401396
8.80011,0.0042674,0.0163601,-0.00037876
8.81011,0.00442356,0.0148706,-0.00035569
8.82011,0.0045648,0.0133781,-0.000332256
8.83011,0.00469112,0.0118865,-0.000308525
8.84011,0.00480255,0.0103996,-0.000284565
8.85011,0.00489914,0.00892106,-0.000260441
8.86011,0.00498101,0.00745445,-0.000236221
8.87011,0.00504828,0.00600322,-0.000211966
8.88011,0.00510113,0.00457071,-0.00018774
8.89011,0.00513977,0.00316012,-0.000163604
8.90011,0.00516442,0.00177452,-0.000139616
8.91011,0.00517535,0.000416863,-0.000115836
8.92011,0.00517286,-0.000910059,-9.23172e-05
8.93011,0.00515726,-0.00220359,-6.91147e-05
8.94011,0.00512891,-0.00346121,-4.62797e-05
8.95011,0.00508817,-0.00468057,-2.38617e-05
8.96011,0.00503543,-0.00585946,-1.90814e-06
8.97011,0.00497112,-0.00699583,1.95361e-05
8.98011,0.00489566,-0.00808779,4.04284e-05
8.99011,0.00480952,-0.00913359,6.07286e-05
9.00011,0.00471315,-0.0101317,8.03987e-05
9.01011,0.00460705,-0.0110806,9.94035e-05
9.02011,0.00449171,-0.011979,0.00011771
9.03011,0.00436764,-0.012826,0.000135289
9.04011,0.00423536,-0.0136205,0.000152111
9.05011,0.00409541,-0.0143617,0.000168153
9.06011,0.00394831,-0.015049,0.000183391
9.07011,0.00379461,-0.015682,0.000197805
9.08011,0.00363485,-0.0162602,0.000211378
9.09011,0.00346959,-0.0167834,0.000224096
9.10011,0.00329936,-0.0172518,0.000235945
9.11011,0.00312473,-0.0176652,0.000246917
9.12011,0.00294624,-0.018024,0.000257003
9.13011,0.00276444,-0.0183286,0.000266199
9.14011,0.00257985,-0.0185793,0.000274503
9.15011,0.00239303,-0.018777,0.000281913
9.16011,0.00220449,-0.0189222,0.000288433
9.17011,0.00201475,-0.0190158,0.000294066
9.18011,0.00182434,-0.0190589,0.000298818
9.19011,0.00163374,-0.0190525,0.000302699
9.20012,0.00144345,-0.0189978,0.000305719
9.21012,0.00125394,-0.018896,0.00030789
9.22012,0.00106568,-0.0187484,0.000309227
9.23012,0.00087912,-0.0185567,0.000309746
9.24012,0.000694691,-0.0183222,0.000309464
9.25012,0.000512813,-0.0180466,0.000308402
9.26012,0.000333891,-0.0177315,0.000306579
9.27012,0.000158309,-0.0173787,0.00030402
9.28012,-1.3563e-05,-0.0169899,0.000300746
9.29012,-0.000181375,-0.016567,0.000296784
9.30012,-0.000344795,-0.0161118,0.00029216
9.31012,-0.00050351,-0.0156263,0.0002869
9.32012,-0.000657227,-0.0151124,0.000281034
9.33012,-0.000805671,-0.0145721,0.000274589
9.34012,-0.000948589,-0.0140074,0.000267598
9.35012,-0.00108574,-0.0134203,0.000260088
9.36012,-0.00121693,-0.0128127,0.000252093
9.37012,-0.00134194,-0.0121868,0.000243644
9.38012,-0.00146061,-0.0115445,0.000234773
9.39012,-0.00157278,-0.0108879,0.000225512
9.40012,-0.00167832,-0.010219,0.000215894
9.41012,-0.00177713,-0.00953973,0.000205952
9.42012,-0.00186909,-0.0088521,0.000195719
9.43012,-0.00195415,-0.00815805,0.000185227
9.44012,-0.00203224,-0.00745949,0.00017451
9.45012,-0.00210333,-0.00675832,0.0001636
9.46012,-0.0021674,-0.00605637,0.000152529
9.47012,-0.00222446,-0.00535545,0.000141329
9.48012,-0.00227452,-0.00465732,0.000130032
9.49012,-0.00231762,-0.00396369,0.000118669
9.50012,-0.00235381,-0.00327622,0.00010727
9.51012,-0.00238317,-0.00259652,9.58646e-05
9.52012,-0.00240578,-0.00192613,8.44826e-05
9.53012,-0.00242173,-0.00126654,7.31523e-05
9.54012,-0.00243115,-0.000619169,6.19011e-05
9.55012,-0.00243416,1.46101e-05,5.0756e-05
9.56012,-0.0024309,0.000633508,3.97428e-05
9.57012,-0.00242154,0.0012363,2.88864e-05
9.58012,-0.00240624,0.00182183,1.82107e-05
9.59012,-0.00238517,0.002389,7.73879e-06
9.60012,-0.00235852,0.00293682,-2.50763e-06
9.61012,-0.0023265,0.00346433,-1.25076e-05
9.62012,-0.0022893,0.00397067,-2.22416e-05
9.63013,-0.00224716,0.00445505,-3.1691e-05
9.64013,-0.00220028,0.00491674,-4.08384e-05
9.65013,-0.0021489,0.00535511,-4.96677e-05
9.66013,-0.00209326,0.00576959,-5.81638e-05
9.67013,-0.00203359,0.00615968,-6.63129e-05
9.68013,-0.00197015,0.00652496,-7.41024e-05
9.69013,-0.00190317,0.00686508,-8.1521e-05
9.70013,-0.00183293,0.00717977,-8.85582e-05
9.71013,-0.00175966,0.00746881,-9.52054e-05
9.72013,-0.00168364,0.00773208,-0.000101455
9.73013,-0.00160511,0.00796951,-0.000107299
9.74013,-0.00152433,0.0081811,-0.000112734
9.75013,-0.00144157,0.00836692,-0.000117755
9.76013,-0.00135708,0.00852709,-0.000122358
9.77013,-0.00127112,0.00866182,-0.000126542
9.78013,-0.00118393,0.00877135,-0.000130306
9.79013,-0.00109577,0.00885599,-0.000133651
9.80013,-0.00100689,0.00891612,-0.000136577
9.81013,-0.00091753,0.00895215,-0.000139087
9.82013,-0.000827927,0.00896455,-0.000141184
9.83013,-0.000738316,0.00895386,-0.000142873
9.84013,-0.000648925,0.00892063,-0.000144159
9.85013,-0.000559976,0.00886548,-0.000145048
9.86013,-0.000471686,0.00878907,-0.000145547
9.87013,-0.000384263,0.00869207,-0.000145664
9.88013,-0.000297911,0.00857524,-0.000145407
9.89013,-0.000212822,0.00843932,-0.000144787
9.90013,-0.000129185,0.00828511,-0.000143812
9.91013,-4.71785e-05,0.00811342,-0.000142495
9.92013,3.30277e-05,0.00792512,-0.000140846
9.93013,0.000111271,0.00772105,-0.000138877
9.94013,0.000187399,0.00750212,-0.000136601
9.95013,0.000261267,0.00726923,-0.00013403
9.96013,0.00033274,0.0070233,-0.000131179
9.97013,0.000401693,0.00676525,-0.00012806
9.98013,0.000468008,0.00649603,-0.000124689
9.99013,0.000531579,0.00621659,-0.000121079
